LeadHour,R2_MWS,R2_MSLP
0,1.0,1.0
6,0.9666123390197754,0.9602798223495483
12,0.9145151972770691,0.9068583250045776
18,0.8600512146949768,0.8542054891586304
24,0.7943921089172363,0.7894980907440186
30,0.7255240082740784,0.7203871011734009
36,0.6605400443077087,0.6519990563392639
42,0.5955252051353455,0.5949559211730957
48,0.5427036285400391,0.5482600927352905
