LeadHour,RMSE_MWS,RMSE_MSLP
0,0.0,0.0
6,5.40598150920634,4.244960040476148
12,8.621680906460876,6.489421158708815
18,11.0964733810604,8.216633687394859
24,13.524287099612105,9.998946325103695
30,15.722361216175962,11.658689841835788
36,17.639319696780667,13.181172231315452
42,19.465293320239713,14.430999745759452
48,20.947594057011507,15.490384965106177
