LeadHour,R2_MWS,R2_MSLP
0,1.0,1.0
6,0.9708305597305298,0.9587356448173523
12,0.9257110357284546,0.9075103402137756
18,0.8683336973190308,0.8458247184753418
24,0.824970543384552,0.8084126114845276
30,0.7792034149169922,0.7630640268325806
36,0.7246862053871155,0.7167534828186035
42,0.6705410480499268,0.6684856414794922
48,0.6225277185440063,0.6360067129135132
