LeadHour,RMSE_MWS,RMSE_MSLP
0,0.0,0.0
6,5.25189265694783,4.445624637204202
12,8.33837443145723,6.623494103062279
18,11.17265041834772,8.627734649129009
24,12.981321561099096,9.706657123071919
30,14.714602134995392,10.902334652674456
36,16.602956742924494,12.057151755172763
42,18.34928911791442,13.184869729918528
48,19.843897637246066,13.982068703852725
