LeadHour,R2_MWS,R2_MSLP
0,1.0,1.0
6,0.9758541584014893,0.9654291868209839
12,0.9411103129386902,0.916391909122467
18,0.902193546295166,0.8660287857055664
24,0.8636881709098816,0.8219617009162903
30,0.820307195186615,0.7731655836105347
36,0.7745900750160217,0.7245444059371948
42,0.7309638857841492,0.6815446019172668
48,0.6857062578201294,0.6446918249130249
