LeadHour,RMSE_MWS,RMSE_MSLP
0,0.0,0.0
6,5.666604696196743,4.706151856390756
12,8.816909444407315,7.235621697131086
18,11.329243613951366,9.150710581719357
24,13.346434133398645,10.545412586690725
30,15.285624433795784,11.909597011509772
36,17.10572074988502,13.120997808706994
42,18.68608164428265,14.104121348516252
48,20.22152252290938,14.911972131203735
