LeadHour,R2_MWS,R2_MSLP
0,1.0,1.0
6,0.9662076830863953,0.9553817510604858
12,0.9171972274780273,0.8976728916168213
18,0.8591964244842529,0.8369531035423279
24,0.7908044457435608,0.7676012516021729
30,0.7315700054168701,0.697472333908081
36,0.6731052994728088,0.6406325101852417
42,0.6343615651130676,0.6024429798126221
48,0.6129615306854248,0.5858122706413269
