LeadHour,RMSE_MWS,RMSE_MSLP
0,0.0,0.0
6,5.174522252536188,4.167987512405052
12,8.073144318026744,6.288234490329626
18,10.583708829050664,8.00816310208098
24,12.985994864548127,9.67262198624898
30,14.820937445640142,11.173161188527812
36,16.523542774487332,12.348245695358093
42,17.693673178756317,13.173417947886096
48,18.485171587072585,13.673015577423612
