LeadHour,R2_MWS,R2_MSLP
0,1.0,1.0
6,0.984610378742218,0.9811598062515259
12,0.9564844965934753,0.9531009197235107
18,0.9222881197929382,0.9190142750740051
24,0.8870450258255005,0.887584388256073
30,0.8559228777885437,0.8596886396408081
36,0.8282560706138611,0.8376212120056152
42,0.8009566068649292,0.8171193599700928
48,0.7706339359283447,0.7894672751426697
