LeadHour,RMSE_MWS,RMSE_MSLP
0,0.0,0.0
6,4.241885348355581,3.514696871844306
12,7.117004459175491,5.532643805288417
18,9.563629283170588,7.327419613072201
24,11.629039431761711,8.721223869880546
30,13.263294388173088,9.850668374249212
36,14.637067462319232,10.720124359548246
42,15.921256849813535,11.507487637556498
48,17.285296168219013,12.490443734807135
