LeadHour,R2_MWS,R2_MSLP
0,1.0,1.0
6,0.974319577217102,0.9606865644454956
12,0.9259155988693237,0.9031054973602295
18,0.8739867210388184,0.8461237549781799
24,0.8175300359725952,0.7905234098434448
30,0.756145179271698,0.7305001616477966
36,0.6865636706352234,0.663245677947998
42,0.612764835357666,0.5950162410736084
48,0.5533021688461304,0.5400969386100769
