LeadHour,RMSE_MWS,RMSE_MSLP
0,0.0,0.0
6,5.0919583217836,4.5546862437015845
12,8.602807283198635,7.131822765995813
18,11.226337555375153,9.024903915612352
24,13.533081212694137,10.59109076598257
30,15.690297154760566,12.058701940112325
36,17.924953419134038,13.658782793942855
42,20.1261804838658,15.158610681167424
48,21.871343862987636,16.3790194404925
