LeadHour,R2_MWS,R2_MSLP
0,1.0,1.0
6,0.9820908308029175,0.9787495136260986
12,0.9506874084472656,0.9482338428497314
18,0.9130924344062805,0.9117472767829895
24,0.8711272478103638,0.8741630911827087
30,0.8339241743087769,0.8366116881370544
36,0.7973124980926514,0.8036167621612549
42,0.7584385871887207,0.7654703855514526
48,0.7170271277427673,0.7214640974998474
