LeadHour,RMSE_MWS,RMSE_MSLP
0,0.0,0.0
6,4.575969514105022,3.7327576011686094
12,7.576247401499024,5.812640772929887
18,10.113647501455219,7.649109542981922
24,12.421432775147156,9.227162392516515
30,14.239905278608774,10.629913988886871
36,15.901087194736384,11.789283826202745
42,17.53950096890676,13.031533363975486
48,19.199267627735342,14.366754173726271
