LeadHour,R2_MWS,R2_MSLP
0,1.0,1.0
6,0.9647918939590454,0.952509880065918
12,0.9133872985839844,0.8902443051338196
18,0.8511697053909302,0.8190520405769348
24,0.7824712991714478,0.745032548904419
30,0.7171452641487122,0.6654771566390991
36,0.6555728912353516,0.6035809516906738
42,0.6111392378807068,0.5581724643707275
48,0.5728775858879089,0.5208615064620972
