LeadHour,RMSE_MWS,RMSE_MSLP
0,0.0,0.0
6,5.281809760230079,4.300033019183045
12,8.256786907102356,6.512489058179688
18,10.881197161165506,8.436328947958588
24,13.242113177335677,10.13140515838738
30,15.213946639951162,11.749149372883474
36,16.960861030170776,12.969198269737634
42,18.246902830086672,13.887534588376706
48,19.418810724679755,14.706056470849965
