LeadHour,R2_MWS,R2_MSLP
0,1.0,1.0
6,0.9719257354736328,0.9607419371604919
12,0.930068850517273,0.9143056273460388
18,0.877715528011322,0.8571858406066895
24,0.8249497413635254,0.8113751411437988
30,0.781279444694519,0.7720441818237305
36,0.7331458926200867,0.7328357696533203
42,0.6881981492042542,0.6928015947341919
48,0.639889121055603,0.6565607786178589
