LeadHour,RMSE_MWS,RMSE_MSLP
0,0.0,0.0
6,5.1523598532609425,4.336203187242808
12,8.09011346725656,6.375537026917168
18,10.767244214451198,8.3037646293138
24,12.982094391132481,9.631317047341254
30,14.645261113947512,10.69373411871903
36,16.345883173708163,11.709856651464678
42,17.850809441173197,12.692120391957575
48,19.382178767098544,13.58156107630972
