LeadHour,R2_MWS,R2_MSLP
0,1.0,1.0
6,0.974453866481781,0.9643779993057251
12,0.9384278655052185,0.9138109683990479
18,0.8987232446670532,0.8624574542045593
24,0.8576297760009766,0.8138322234153748
30,0.8130145072937012,0.7612603902816772
36,0.7608105540275574,0.7041149735450745
42,0.7143357992172241,0.6507309079170227
48,0.6660842895507812,0.6008447408676147
