LeadHour,RMSE_MWS,RMSE_MSLP
0,0.0,0.0
6,5.828594935393816,4.777167278782757
12,9.01548325346218,7.346454528173538
18,11.52847877015464,9.27187667862093
24,13.639803342771925,10.78348347845796
30,15.592719095588983,12.218131203360809
36,17.620810152755553,13.598860838808568
42,19.25488298585136,14.770724979033696
48,20.8432024150336,15.805324690566112
