LeadHour,R2_MWS,R2_MSLP
0,1.0,1.0
6,0.9768046140670776,0.9637905955314636
12,0.9326333403587341,0.9094853401184082
18,0.8795623779296875,0.8476005792617798
24,0.8238412141799927,0.790432333946228
30,0.7676307559013367,0.7357426881790161
36,0.7024725675582886,0.6696510910987854
42,0.6303489804267883,0.599172830581665
48,0.5629022121429443,0.5371062159538269
