LeadHour,RMSE_MWS,RMSE_MSLP
0,0.0,0.0
6,4.839321942714121,4.371181238302848
12,8.203502595476177,6.893033599289049
18,10.975162902874331,8.98149155495666
24,13.29698401651844,10.593391344869067
30,15.31633501880274,11.940838891085146
36,17.464126875943798,13.528257395871256
42,19.663913512546433,15.08061983489048
48,21.63504765109692,16.432188386990543
