LeadHour,R2_MWS,R2_MSLP
0,1.0,1.0
6,0.964303731918335,0.9531283378601074
12,0.9158880114555359,0.8988894820213318
18,0.8599668741226196,0.8408861756324768
24,0.794620156288147,0.7733643651008606
30,0.7363642454147339,0.6989441514015198
36,0.6823320984840393,0.6454633474349976
42,0.6431834697723389,0.6099419593811035
48,0.6133812665939331,0.5846394300460815
