LeadHour,RMSE_MWS,RMSE_MSLP
0,0.0,0.0
6,5.318298406738309,4.271940928175768
12,8.136716405874603,6.25074214343785
18,10.554714606622298,7.9109854407216895
24,12.86701791972345,9.551936679214874
30,14.687987753703013,11.145949622762704
36,16.288680301271533,12.264968135277604
42,17.47891883841119,13.048582995424313
48,18.475145294485337,13.692359653858972
