LeadHour,R2_MWS,R2_MSLP
0,1.0,1.0
6,0.9741511344909668,0.9585523009300232
12,0.9260648488998413,0.9099408984184265
18,0.8644735813140869,0.8461490273475647
24,0.8058910369873047,0.7826521396636963
30,0.7440338730812073,0.72003173828125
36,0.6832287311553955,0.6520444750785828
42,0.6269086003303528,0.5891968011856079
48,0.572777271270752,0.531018853187561
