LeadHour,RMSE_MWS,RMSE_MSLP
0,0.0,0.0
6,5.407493139677947,5.088166529227438
12,9.096345406582765,7.476806381536985
18,12.366321333376087,9.823218838900699
24,14.891642004390048,11.768038275495012
30,17.23319741840494,13.428159794397265
36,19.36973057123779,15.213599114688837
42,21.246256420019844,16.722983364442538
48,22.99262019640419,18.078022025959967
