LeadHour,R2_MWS,R2_MSLP
0,1.0,1.0
6,0.9667328000068665,0.9621827602386475
12,0.915607750415802,0.910395085811615
18,0.8653444051742554,0.861455500125885
24,0.8182121515274048,0.8186109066009521
30,0.7702250480651855,0.7709742784500122
36,0.7223107814788818,0.7225689888000488
42,0.679032564163208,0.6792778968811035
48,0.6379762291908264,0.6375495195388794
