LeadHour,RMSE_MWS,RMSE_MSLP
0,0.0,0.0
6,5.3962226442479135,4.142027189245647
12,8.566406695308926,6.36502221858004
18,10.884604236029897,8.009732525154115
24,12.716774526982745,9.281791285904767
30,14.385233810481724,10.551477583695032
36,15.953906900372152,11.769048306761045
42,17.33986442961709,12.841321432501115
48,18.638192848718344,13.87529802431904
