LeadHour,R2_MWS,R2_MSLP
0,1.0,1.0
6,0.9662901759147644,0.9610010981559753
12,0.9113070368766785,0.9063704013824463
18,0.8524240255355835,0.8504255414009094
24,0.7870911955833435,0.7864565849304199
30,0.7175010442733765,0.7161846160888672
36,0.6495338082313538,0.649275541305542
42,0.5854477882385254,0.5944688320159912
48,0.5344535708427429,0.5482093095779419
