LeadHour,RMSE_MWS,RMSE_MSLP
0,0.0,0.0
6,5.432003005036772,4.206240722283253
12,8.781971531883737,6.506397326997315
18,11.394841254996162,8.32246707725258
24,13.76230971978331,10.07092463228768
30,15.950489211278178,11.745976834719103
36,17.922997117770056,13.23265120304046
42,19.70628831292858,14.439673850478865
48,21.13570624827288,15.491254739002644
