LeadHour,R2_MWS,R2_MSLP
0,1.0,1.0
6,0.9646987915039062,0.9381890892982483
12,0.9078018069267273,0.8527359366416931
18,0.8443593382835388,0.7642292976379395
24,0.7667726278305054,0.6716879606246948
30,0.7017892599105835,0.597769021987915
36,0.6291366219520569,0.5182111859321594
42,0.5514780282974243,0.4333198070526123
48,0.4778319001197815,0.3590173125267029
