LeadHour,RMSE_MWS,RMSE_MSLP
0,0.0,0.0
6,5.520836634604948,4.8040862412791325
12,8.889077640224846,7.311857537632607
18,11.588159081933727,9.271599784343323
24,14.255371687481256,10.987908393291919
30,16.231271133144695,12.265120536003522
36,18.24507973592641,13.54689076916614
42,20.214323287382065,14.827265723588102
48,21.999734356750267,15.953498499698517
