LeadHour,R2_MWS,R2_MSLP
0,1.0,1.0
6,0.9624487161636353,0.9356510639190674
12,0.9051830768585205,0.850105345249176
18,0.8475778102874756,0.767143964767456
24,0.7781801223754883,0.6825613379478455
30,0.7069804072380066,0.6079590320587158
36,0.6352201104164124,0.5316608548164368
42,0.5610754489898682,0.46002471446990967
48,0.49317145347595215,0.40599721670150757
