LeadHour,RMSE_MWS,RMSE_MSLP
0,0.0,0.0
6,5.694066208267239,4.901723535219286
12,9.014433413455611,7.376873748166409
18,11.467718842012701,9.214111816522676
24,13.902374481913208,10.804422702151088
30,16.08937762965882,12.108763845464754
36,18.094817609371095,13.356464412469435
42,19.996881623348255,14.473681011290859
48,21.67418567575334,15.357730253525066
