LeadHour,R2_MWS,R2_MSLP
0,1.0,1.0
6,0.9616153836250305,0.9350652098655701
12,0.9062319397926331,0.8540254831314087
18,0.8477582931518555,0.7718915343284607
24,0.7793121337890625,0.6895387768745422
30,0.7088634967803955,0.6123698949813843
36,0.6379033327102661,0.5389605164527893
42,0.5615507960319519,0.4602473974227905
48,0.48906636238098145,0.39460980892181396
