LeadHour,RMSE_MWS,RMSE_MSLP
0,0.0,0.0
6,5.7569024493878285,4.923985976186037
12,8.96443652057103,7.279773218584056
18,11.46092684900664,9.119697597911005
24,13.866855739869495,10.685019757435963
30,16.03759544861503,12.040452801373766
36,18.0281440267927,13.251966798307242
42,19.986050891174308,14.470696139195574
48,21.761785011005745,15.50424037889514
