LeadHour,R2_MWS,R2_MSLP
0,1.0,1.0
6,0.9680405259132385,0.957390308380127
12,0.9064006805419922,0.8884962797164917
18,0.8332117795944214,0.8109809160232544
24,0.7472186088562012,0.715412974357605
30,0.6740805506706238,0.6383453607559204
36,0.5986069440841675,0.560439944267273
42,0.5172159671783447,0.46744900941848755
48,0.44079113006591797,0.3865143060684204
