LeadHour,RMSE_MWS,RMSE_MSLP
0,0.0,0.0
6,4.395104563297038,3.7273818420881586
12,7.517347237620915,6.030120585739928
18,10.105755637114441,7.905602711352015
24,12.580589820607578,9.79337502585154
30,14.480311740449027,11.185267049767269
36,16.35568379291995,12.549404929593836
42,18.318386759128963,14.09806267164925
48,20.14804671974665,15.45815806876441
