LeadHour,R2_MWS,R2_MSLP
0,1.0,1.0
6,0.9756969809532166,0.9623130559921265
12,0.9324490427970886,0.907666027545929
18,0.8823524713516235,0.8499491214752197
24,0.8307236433029175,0.7971758842468262
30,0.7740886807441711,0.739496111869812
36,0.7130508422851562,0.6768631935119629
42,0.6510509848594666,0.613109827041626
48,0.5931848287582397,0.5544978380203247
