LeadHour,RMSE_MWS,RMSE_MSLP
0,0.0,0.0
6,4.953521423841827,4.459471560250125
12,8.214716048252548,6.9619630342864856
18,10.847291571449306,8.912016704879253
24,13.034642937338417,10.421559845192734
30,15.102001517318874,11.855732595910816
36,17.15085760257796,13.379769588932751
42,19.10534934983647,14.816118401995617
48,20.872145406196793,16.120541451497623
