LeadHour,R2_MWS,R2_MSLP
0,1.0,1.0
6,0.9702637195587158,0.9583837389945984
12,0.9102623462677002,0.8925066590309143
18,0.8437889814376831,0.8241701722145081
24,0.7682849168777466,0.7468851804733276
30,0.7075353860855103,0.6930991411209106
36,0.6408169269561768,0.6342162489891052
42,0.5623934268951416,0.5650105476379395
48,0.4869105815887451,0.5025203824043274
