LeadHour,RMSE_MWS,RMSE_MSLP
0,0.0,0.0
6,4.2394815318689165,3.6836742663357014
12,7.360641208581277,5.920687352563606
18,9.780070175824045,7.62479963195691
24,12.044967322204272,9.235993787232264
30,13.717008649627124,10.303821958294998
36,15.471831783449288,11.447910594620394
42,17.440249209242072,12.741430057767934
48,19.299338785022208,13.920126174705693
