LeadHour,R2_MWS,R2_MSLP
0,1.0,1.0
6,0.9760417342185974,0.9655550718307495
12,0.9411130547523499,0.9164829850196838
18,0.8975841403007507,0.8610053062438965
24,0.8505377173423767,0.804301381111145
30,0.7976929545402527,0.7387005090713501
36,0.7368150949478149,0.6646703481674194
42,0.6786942481994629,0.592054009437561
48,0.6197442412376404,0.5236354470252991
