LeadHour,RMSE_MWS,RMSE_MSLP
0,0.0,0.0
6,5.644547469699879,4.697575231805413
12,8.816706093289557,7.231681042009484
18,11.593132064268495,9.320693130586927
24,13.975402476839387,11.056068059223215
30,16.218972970830045,12.782383502419636
36,18.483548659413913,14.47694721729764
42,20.42077362896589,15.963313959768035
48,22.24251473349904,17.266416837045984
