LeadHour,R2_MWS,R2_MSLP
0,1.0,1.0
6,0.971588671207428,0.960365891456604
12,0.9292680025100708,0.9135853052139282
18,0.8781755566596985,0.8589680194854736
24,0.8261683583259583,0.8147211074829102
30,0.7800875306129456,0.7736343145370483
36,0.7344539165496826,0.7376216650009155
42,0.6947140693664551,0.7060123682022095
48,0.652070164680481,0.6778163909912109
