LeadHour,RMSE_MWS,RMSE_MSLP
0,0.0,0.0
6,5.1831933954285425,4.3569215276102815
12,8.136305704680689,6.402276421053845
18,10.746972655806305,8.25179017035849
24,12.936826531761591,9.545511151430805
30,14.685112941828462,10.656370279746406
36,16.305773989015652,11.604499049651363
42,17.663304038891265,12.41621456133886
48,19.051548948418457,13.154562943903427
