LeadHour,R2_MWS,R2_MSLP
0,1.0,1.0
6,0.9728742837905884,0.9580808281898499
12,0.9243950843811035,0.9109210968017578
18,0.8689618110656738,0.8538713455200195
24,0.8181862831115723,0.7993683815002441
30,0.768891453742981,0.7505983710289001
36,0.7165772914886475,0.6895627379417419
42,0.6689625978469849,0.6389137506484985
48,0.6300678253173828,0.5959116816520691
