LeadHour,RMSE_MWS,RMSE_MSLP
0,0.0,0.0
6,5.539439200651528,5.1170225626448245
12,9.198490549734489,7.436006027325941
18,12.159828110534061,9.573515089146168
24,14.412295581066036,11.306443758812556
30,16.375049387151194,12.673942350242312
36,18.32179581548427,14.370008580597483
42,20.013051924043296,15.678420399100718
48,21.395495131313567,16.78075080001218
