LeadHour,R2_MWS,R2_MSLP
0,1.0,1.0
6,0.9710497856140137,0.9585965275764465
12,0.9162295460700989,0.8937321305274963
18,0.8571066856384277,0.8315191268920898
24,0.7869146466255188,0.7594032883644104
30,0.7247290015220642,0.7027331590652466
36,0.6582034826278687,0.6366209983825684
42,0.5846811532974243,0.5588455200195312
48,0.5108236074447632,0.4853854179382324
