LeadHour,RMSE_MWS,RMSE_MSLP
0,0.0,0.0
6,4.183073750581935,3.674244996451014
12,7.111704149286753,5.886841548051487
18,9.35388532072431,7.463756727663764
24,11.550619424170776,9.004709071448438
30,13.307699994754564,10.140808197858872
36,15.092723866840707,11.410218434228018
42,16.99032137741404,12.831403380757951
48,18.844241513853028,14.157826316935372
