LeadHour,R2_MWS,R2_MSLP
0,1.0,1.0
6,0.96931391954422,0.9579610228538513
12,0.9086049199104309,0.8913140296936035
18,0.8395398259162903,0.8225353956222534
24,0.7633622884750366,0.746924877166748
30,0.7012643218040466,0.688512921333313
36,0.6407634615898132,0.6311385035514832
42,0.5738503932952881,0.5608739256858826
48,0.49966055154800415,0.49072009325027466
