LeadHour,RMSE_MWS,RMSE_MSLP
0,0.0,0.0
6,4.306656347406108,3.7023359657233135
12,7.428305191467171,5.953441861748606
18,9.912192695154737,7.66016322188617
24,12.172239168372856,9.235268899733814
30,13.863290605625188,10.380524784412621
36,15.472982671386388,11.495971637560766
42,17.210433031360747,12.801870710046943
48,19.058042511627473,14.08425292374153
