LeadHour,R2_MWS,R2_MSLP
0,1.0,1.0
6,0.9697902202606201,0.965019941329956
12,0.9241969585418701,0.917285680770874
18,0.8831993341445923,0.8768123984336853
24,0.8436664342880249,0.8363511562347412
30,0.7980659008026123,0.7879354357719421
36,0.7535680532455444,0.7379522323608398
42,0.7022413611412048,0.6804925203323364
48,0.6462247371673584,0.6173596978187561
