LeadHour,RMSE_MWS,RMSE_MSLP
0,0.0,0.0
6,5.1422784343457995,3.983623358943208
12,8.118780484630507,6.115393442517587
18,10.137317088554854,7.552780841756467
24,11.792901467595414,8.81622625259323
30,13.485603285418108,10.15325301334157
36,15.02920638881955,11.438104332138723
42,16.70119003350229,12.816983066683072
48,18.424639648888828,14.25651374649853
