LeadHour,R2_MWS,R2_MSLP
0,1.0,1.0
6,0.9745262861251831,0.9618561863899231
12,0.9293880462646484,0.90760737657547
18,0.8776925206184387,0.8501013517379761
24,0.8256997466087341,0.796901285648346
30,0.774245023727417,0.7448241710662842
36,0.7162941694259644,0.6826696395874023
42,0.6566016674041748,0.6200435161590576
48,0.5972623229026794,0.5606226921081543
