LeadHour,RMSE_MWS,RMSE_MSLP
0,0.0,0.0
6,5.071426621864604,4.486422294056853
12,8.398774520854126,6.964173871494188
18,11.060033490921828,8.907495030164336
24,13.22665479146773,10.428611396966776
30,15.096774917678248,11.733863951504716
36,17.053655882393024,13.259014589912322
42,18.952788473413847,14.682755633336722
48,20.76728266521345,16.009345186508448
