LeadHour,R2_MWS,R2_MSLP
0,1.0,1.0
6,0.9664028286933899,0.9604856967926025
12,0.916954517364502,0.9102501273155212
18,0.8652675151824951,0.8598651885986328
24,0.802852213382721,0.7964506149291992
30,0.7413881421089172,0.7294966578483582
36,0.6828829050064087,0.6672985553741455
42,0.623982310295105,0.6154770255088806
48,0.5687862634658813,0.5714938640594482
