LeadHour,RMSE_MWS,RMSE_MSLP
0,0.0,0.0
6,5.422918125913963,4.233944804167424
12,8.497781351790126,6.370167714640368
18,10.887709984139478,8.055572135586685
24,13.243124851596052,9.832435911790764
30,15.261238834596671,11.467202562924431
36,17.048939888402426,12.888166787392551
42,18.768059336796952,14.060683476425275
48,20.341432969770636,15.08677850371368
