LeadHour,R2_MWS,R2_MSLP
0,1.0,1.0
6,0.9666215181350708,0.960741400718689
12,0.9178854823112488,0.9106159806251526
18,0.869853138923645,0.8637217283248901
24,0.8147543668746948,0.8084537386894226
30,0.747752845287323,0.7436351776123047
36,0.6900787353515625,0.6868042349815369
42,0.63853520154953,0.6408846378326416
48,0.5993764400482178,0.6075135469436646
