LeadHour,RMSE_MWS,RMSE_MSLP
0,0.0,0.0
6,5.405240708883526,4.220222724713875
12,8.45001332660053,6.357171954092972
18,10.700825554203933,7.943954126600137
24,12.83714640723784,9.538126281734195
30,15.072272078890999,11.163499031769753
36,16.85439823150307,12.504656725369792
42,18.401287763562145,13.588209965747593
48,19.60665599924312,14.438773491250586
