LeadHour,R2_MWS,R2_MSLP
0,1.0,1.0
6,0.9639682769775391,0.9517777562141418
12,0.9149733781814575,0.8938054442405701
18,0.8547184467315674,0.8266541361808777
24,0.7838690876960754,0.7525457143783569
30,0.721662700176239,0.6745478510856628
36,0.6601963043212891,0.6135789155960083
42,0.6179541349411011,0.5700536966323853
48,0.583983838558197,0.5417619943618774
