LeadHour,RMSE_MWS,RMSE_MSLP
0,0.0,0.0
6,5.34323188991634,4.333051941367298
12,8.180835603224905,6.405965361435704
18,10.750689462242606,8.257211481055277
24,13.19949908606561,9.981016450847571
30,15.09196812317912,11.588764115959544
36,16.846638674202655,12.804608254597676
42,18.086303654500895,13.699536748697243
48,19.164678763532017,14.381734050245546
