LeadHour,R2_MWS,R2_MSLP
0,1.0,1.0
6,0.9839923977851868,0.9801895022392273
12,0.9564056396484375,0.9509785771369934
18,0.9229891896247864,0.9171173572540283
24,0.8891867995262146,0.8863328099250793
30,0.8584409356117249,0.8571504354476929
36,0.832387387752533,0.8359591960906982
42,0.8061302900314331,0.8146348595619202
48,0.7757120728492737,0.7873228788375854
