LeadHour,RMSE_MWS,RMSE_MSLP
0,0.0,0.0
6,4.326220151748129,3.604072407866215
12,7.1234506629107655,5.656441869695484
18,9.52039036182874,7.412737230489896
24,11.518261549430703,8.76963738799913
30,13.146881174603376,9.939366195397518
36,14.459947186343244,10.774846660469958
42,15.712974017996542,11.585390269654075
48,17.092878748363308,12.553893827977861
