LeadHour,R2_MWS,R2_MSLP
0,1.0,1.0
6,0.9600455164909363,0.9306707382202148
12,0.9026811718940735,0.8433489799499512
18,0.8465146422386169,0.7635272741317749
24,0.7778990268707275,0.6841176748275757
30,0.7026481032371521,0.6047389507293701
36,0.6211302280426025,0.5214498043060303
42,0.5312249064445496,0.42883533239364624
48,0.4502147436141968,0.3519371747970581
