LeadHour,RMSE_MWS,RMSE_MSLP
0,0.0,0.0
6,5.873446319971264,5.087875817216935
12,9.132589450067082,7.541294095722802
18,11.507643440076917,9.285392068156035
24,13.911181863341481,10.777904754450008
30,16.20788186563292,12.15839059217922
36,18.440969780764735,13.501282242527292
42,20.66567514973879,14.885818778555912
48,22.57401427760399,16.041366508284916
