LeadHour,R2_MWS,R2_MSLP
0,1.0,1.0
6,0.9749053120613098,0.9651638865470886
12,0.9372908473014832,0.9160529375076294
18,0.8962969183921814,0.8653308153152466
24,0.8525944948196411,0.8134991526603699
30,0.8102491497993469,0.7613925337791443
36,0.7579071521759033,0.702495813369751
42,0.7059990167617798,0.6503807306289673
48,0.6456922292709351,0.5951852798461914
