LeadHour,RMSE_MWS,RMSE_MSLP
0,0.0,0.0
6,5.776866013568317,4.7241755740156375
12,9.098341788657022,7.250275705291101
18,11.66575778872321,9.174516911482698
24,13.878908448845872,10.793125324031678
30,15.707595173755214,12.214750059602313
36,17.727431873238505,13.63601771060401
42,19.533827954866208,14.778126941147578
48,21.47021052960466,15.91697849680565
