LeadHour,R2_MWS,R2_MSLP
0,1.0,1.0
6,0.9738941788673401,0.9627547860145569
12,0.9349468350410461,0.9194468855857849
18,0.884329617023468,0.866023600101471
24,0.8283575773239136,0.8171955347061157
30,0.7758156657218933,0.7660831212997437
36,0.7172696590423584,0.7172372341156006
42,0.6635264158248901,0.6696853637695312
48,0.6154459714889526,0.6337541341781616
