LeadHour,RMSE_MWS,RMSE_MSLP
0,0.0,0.0
6,4.9684450067926145,4.223577831108901
12,7.8028517082855124,6.18132712968894
18,10.472010045104312,8.042732075955625
24,12.855107318870873,9.481555098450936
30,14.827057843250945,10.832651752647669
36,16.825099832541856,12.046850300923124
42,18.543601128752357,13.160991040976514
48,20.0291779349528,14.025265375302396
