LeadHour,R2_MWS,R2_MSLP
0,1.0,1.0
6,0.9615312218666077,0.9355810880661011
12,0.9073532223701477,0.8569468259811401
18,0.8493938446044922,0.776233434677124
24,0.7821963429450989,0.6954811215400696
30,0.7154273390769958,0.622840166091919
36,0.6471632719039917,0.5537469387054443
42,0.5713830590248108,0.477374792098999
48,0.49810993671417236,0.4065173268318176
