LeadHour,RMSE_MWS,RMSE_MSLP
0,0.0,0.0
6,5.763211207657782,4.9043884633398305
12,8.91067726789376,7.20656068501045
18,11.399196502745408,9.032487091553579
24,13.775943763928264,10.582268088088847
30,15.855776223459937,11.876728132889887
36,17.79613506061648,13.03772777676596
42,19.760685987418537,14.239253224711643
48,21.568331695541644,15.35100488013987
