LeadHour,R2_MWS,R2_MSLP
0,1.0,1.0
6,0.9740433096885681,0.9593087434768677
12,0.9301754236221313,0.9165676236152649
18,0.8747320771217346,0.861087441444397
24,0.8218648433685303,0.8060235977172852
30,0.7726931571960449,0.756763219833374
36,0.7248260378837585,0.7011711597442627
42,0.6814996004104614,0.6506845951080322
48,0.6469461917877197,0.6075336933135986
