LeadHour,RMSE_MWS,RMSE_MSLP
0,0.0,0.0
6,5.418758849034459,5.041520529066118
12,8.839865758230447,7.196471610713046
18,11.88908498568645,9.334142331983719
24,14.265751749334235,11.11733779215874
30,16.239806748917534,12.516321741491126
36,18.053207594312966,14.098773746059553
42,19.630429434060403,15.420757898687143
48,20.901705351982496,16.53767394236046
