LeadHour,R2_MWS,R2_MSLP
0,1.0,1.0
6,0.9723557829856873,0.9571212530136108
12,0.9209555983543396,0.9036790728569031
18,0.8620023727416992,0.84382164478302
24,0.8138465285301208,0.7947062849998474
30,0.7643641829490662,0.7459011077880859
36,0.7113385200500488,0.6880820989608765
42,0.6576664447784424,0.6267329454421997
48,0.6088438034057617,0.573820948600769
