LeadHour,RMSE_MWS,RMSE_MSLP
0,0.0,0.0
6,5.592133357683122,5.175258302001132
12,9.405394252238397,7.732371061022731
18,12.478555824643731,9.897240425592994
24,14.58328584209157,11.43705440132669
30,16.534660232785914,12.79273675839268
36,18.490349804389094,14.404235831438449
42,20.35164572319836,15.94067446939001
48,22.000695651066568,17.23333200323123
