LeadHour,R2_MWS,R2_MSLP
0,1.0,1.0
6,0.9837058782577515,0.9807013869285583
12,0.955406665802002,0.952501118183136
18,0.9203420877456665,0.9180785417556763
24,0.8823772072792053,0.8840007185935974
30,0.8475301265716553,0.8482214212417603
36,0.8132979273796082,0.8175523281097412
42,0.7764013409614563,0.783915638923645
48,0.7360599040985107,0.743028461933136
