LeadHour,RMSE_MWS,RMSE_MSLP
0,0.0,0.0
6,4.364761142553275,3.557204610821468
12,7.204606373482605,5.567909439304127
18,9.68263407911096,7.36963031354029
24,11.866891120188068,8.859143773850931
30,13.644130889846293,10.245295491683686
36,15.261173344970379,11.36329736377338
42,16.87477755929782,12.508589578062823
48,18.542357745489618,13.799412391425687
