LeadHour,R2_MWS,R2_MSLP
0,1.0,1.0
6,0.9702788591384888,0.9574032425880432
12,0.9133925437927246,0.8899144530296326
18,0.8503717184066772,0.821039617061615
24,0.7789861559867859,0.7436729669570923
30,0.7245593070983887,0.6947972774505615
36,0.6633374691009521,0.6367083787918091
42,0.590775728225708,0.5620298981666565
48,0.5215972065925598,0.49504923820495605
