LeadHour,RMSE_MWS,RMSE_MSLP
0,0.0,0.0
6,4.238402531026831,3.7268175081856163
12,7.231124773977156,5.991651130553553
18,9.571785202377308,7.6923785353112715
24,11.763545243849814,9.294414393387871
30,13.311801372696815,10.2752760949828
36,14.978943350466492,11.408846959286889
42,16.86519897669273,12.785009451494538
48,18.63557369478047,14.0242633374521
