LeadHour,R2_MWS,R2_MSLP
0,1.0,1.0
6,0.9743194580078125,0.9654486179351807
12,0.9366812705993652,0.9175416827201843
18,0.8955734968185425,0.8683538436889648
24,0.8522846698760986,0.8210191130638123
30,0.810245156288147,0.7748865485191345
36,0.7591671943664551,0.722103476524353
42,0.7132024765014648,0.675903856754303
48,0.6588563323020935,0.6284416913986206
