LeadHour,RMSE_MWS,RMSE_MSLP
0,0.0,0.0
6,5.843909603122117,4.704829214565861
12,9.142459000705983,7.185699237308276
18,11.706378886770452,9.070959312908712
24,13.89349013002723,10.573290487862455
30,15.707761772678708,11.864332045165025
36,17.681238366855045,13.179003251725238
42,19.29303953532773,14.22848492725755
48,21.0675799755309,15.249161994297271
