LeadHour,R2_MWS,R2_MSLP
0,1.0,1.0
6,0.9731306433677673,0.9620225429534912
12,0.9321781396865845,0.916997492313385
18,0.8812335729598999,0.8623368740081787
24,0.8315798044204712,0.8211233615875244
30,0.7866504192352295,0.7799943685531616
36,0.7366377115249634,0.7370744943618774
42,0.6891456842422485,0.6948662400245667
48,0.6472572088241577,0.6639379858970642
