LeadHour,RMSE_MWS,RMSE_MSLP
0,0.0,0.0
6,5.040580674583763,4.264895198558518
12,7.967169391725965,6.274602760416423
18,10.611230881721276,8.152639942061857
24,12.733872329994579,9.379139711015611
30,14.46432684567909,10.505600661726671
36,16.238586173315802,11.616593141108742
42,17.82366529178535,12.649396533669725
48,19.182869517101874,13.434899934680676
