LeadHour,R2_MWS,R2_MSLP
0,1.0,1.0
6,0.9834645390510559,0.9793691635131836
12,0.9520247578620911,0.946654200553894
18,0.9132704138755798,0.9058961868286133
24,0.8760839104652405,0.8712166547775269
30,0.8427274227142334,0.8392906188964844
36,0.813255250453949,0.8150380849838257
42,0.7841379642486572,0.7916994094848633
48,0.7513617277145386,0.7637209296226501
