LeadHour,RMSE_MWS,RMSE_MSLP
0,0.0,0.0
6,4.396967857481071,3.6779353349735597
12,7.47280556608858,5.900660862522261
18,10.103286631430187,7.898605329803854
24,12.180216799154852,9.334562856433243
30,13.857356770680399,10.54240935552833
36,15.262918472489185,11.44132489728674
42,16.5802685127557,12.281230742073005
48,17.99683945777008,13.232158813113934
