LeadHour,R2_MWS,R2_MSLP
0,1.0,1.0
6,0.9736475944519043,0.9589117765426636
12,0.9239946007728577,0.9093769192695618
18,0.863654613494873,0.8484240174293518
24,0.8080868721008301,0.7916099429130554
30,0.7505144476890564,0.7357640266418457
36,0.6903362274169922,0.6680827140808105
42,0.6381995677947998,0.6091288328170776
48,0.5971958637237549,0.566211462020874
