LeadHour,RMSE_MWS,RMSE_MSLP
0,0.0,0.0
6,5.45990530581679,5.06605235608648
12,9.222819215788054,7.5001813230848215
18,12.403629977595017,9.750320429304931
24,14.807172243663393,11.5229819825222
30,17.01364306352313,13.045420601008868
36,19.15119606047818,14.858844607220423
42,20.922296544016895,16.312243697100463
48,22.325862868700757,17.386505050220073
