LeadHour,R2_MWS,R2_MSLP
0,1.0,1.0
6,0.9841562509536743,0.9800958633422852
12,0.9560502171516418,0.9508457183837891
18,0.9195111989974976,0.9144482612609863
24,0.8768235445022583,0.8772361874580383
30,0.839130163192749,0.8413251638412476
36,0.804497480392456,0.8088803291320801
42,0.769279420375824,0.7748598456382751
48,0.730833888053894,0.7331657409667969
