LeadHour,RMSE_MWS,RMSE_MSLP
0,0.0,0.0
6,4.304019052215157,3.612578848535994
12,7.152428285358566,5.664102235851997
18,9.733000191339224,7.531149455938685
24,12.143811920840589,9.113796515518082
30,14.014939103200065,10.475465357237528
36,15.616711180361257,11.630217007082711
42,17.141411929292392,12.76800701651703
48,18.725028129933392,14.061732834976834
