LeadHour,R2_MWS,R2_MSLP
0,1.0,1.0
6,0.9654016494750977,0.9554456472396851
12,0.9162774682044983,0.9022508859634399
18,0.8581677675247192,0.8461177349090576
24,0.7863503098487854,0.7811325788497925
30,0.7237558364868164,0.7089240550994873
36,0.6556980609893799,0.6354782581329346
42,0.6061482429504395,0.5819450616836548
48,0.575033962726593,0.5516760945320129
