LeadHour,RMSE_MWS,RMSE_MSLP
0,0.0,0.0
6,5.235874063852607,4.16500208347447
12,8.117857625430359,6.145961471342508
18,10.622299748789102,7.779844103430456
24,13.12351356445244,9.386806530488434
30,15.035114132670289,10.959650770317648
36,16.957778559177772,12.436483523750733
42,18.363628164267233,13.508759094218277
48,19.36972899570842,14.225306481142045
