LeadHour,R2_MWS,R2_MSLP
0,1.0,1.0
6,0.9728503823280334,0.9580624103546143
12,0.9244940280914307,0.9100081324577332
18,0.8662374019622803,0.8514236211776733
24,0.8135391473770142,0.7958478331565857
30,0.7600226402282715,0.7408690452575684
36,0.7004572153091431,0.6751495599746704
42,0.6442552804946899,0.6148754358291626
48,0.5964850187301636,0.5658124089241028
