LeadHour,RMSE_MWS,RMSE_MSLP
0,0.0,0.0
6,5.541881279864915,5.118146454159035
12,9.192467417095122,7.474015044064753
18,12.285585992086226,9.65336096547143
24,14.595321930029874,11.405211853441171
30,16.686290225635553,12.91878611906084
36,18.835628853495724,14.699814069960418
42,20.746461129890623,16.191887338299136
48,22.345552129029436,17.39449923152791
