LeadHour,R2_MWS,R2_MSLP
0,1.0,1.0
6,0.9714552164077759,0.9597984552383423
12,0.9291695356369019,0.9124948978424072
18,0.8784550428390503,0.8577508926391602
24,0.8313826322555542,0.8172284364700317
30,0.7887131571769714,0.775523841381073
36,0.7373068332672119,0.7322421669960022
42,0.6859760284423828,0.6862102746963501
48,0.6330909729003906,0.6390227675437927
