LeadHour,RMSE_MWS,RMSE_MSLP
0,0.0,0.0
6,5.1953517826287445,4.388000138080216
12,8.141966959928203,6.442541426087648
18,10.73463903821464,8.287322268874524
24,12.74132227576718,9.48070252660367
30,14.394234435542293,10.611802105820928
36,16.217944645226318,11.722858654742131
42,17.914306106607924,12.827560579658343
48,19.56426974447975,13.924019764996588
