LeadHour,R2_MWS,R2_MSLP
0,1.0,1.0
6,0.976060152053833,0.9658958315849304
12,0.9401857256889343,0.9174332618713379
18,0.8998859524726868,0.8679160475730896
24,0.8564541339874268,0.8187144994735718
30,0.8074338436126709,0.7599248290061951
36,0.7531479597091675,0.69627445936203
42,0.7016102075576782,0.6342945098876953
48,0.6505228281021118,0.5805286169052124
