LeadHour,RMSE_MWS,RMSE_MSLP
0,0.0,0.0
6,5.64237767091587,4.674282104532098
12,8.885858045544415,7.19042166331635
18,11.462111711321457,9.086030285559126
24,13.696004376776166,10.641145175313127
30,15.823693697318667,12.252259960738174
36,17.90083207055916,13.77785763324306
42,19.679085813549147,15.1142812532629
48,21.323348967309066,16.20256090055915
