LeadHour,R2_MWS,R2_MSLP
0,1.0,1.0
6,0.9652279019355774,0.9599831700325012
12,0.9100446105003357,0.9045658111572266
18,0.854364812374115,0.8487050533294678
24,0.794956386089325,0.7872402667999268
30,0.7396873235702515,0.7274282574653625
36,0.6876919865608215,0.6730663776397705
42,0.6381131410598755,0.6281501054763794
48,0.60479736328125,0.5968465805053711
