LeadHour,RMSE_MWS,RMSE_MSLP
0,0.0,0.0
6,5.516924740074535,4.260782812127267
12,8.8442516386826,6.568798421432645
18,11.319665483580168,8.3701950637529
24,13.505716879445325,10.052427569936931
30,15.311342032108707,11.510960538739331
36,16.91917233005162,12.775962575342904
42,18.412028055040796,13.827036393414343
48,19.473553060467115,14.63366651105049
