LeadHour,R2_MWS,R2_MSLP
0,1.0,1.0
6,0.966221809387207,0.9559808373451233
12,0.9176016449928284,0.9016736745834351
18,0.8575500249862671,0.8372921943664551
24,0.7904200553894043,0.7714831233024597
30,0.7247631549835205,0.6932917237281799
36,0.6593832969665527,0.6284046173095703
42,0.6157023906707764,0.5891966819763184
48,0.5869530439376831,0.5629619359970093
