LeadHour,RMSE_MWS,RMSE_MSLP
0,0.0,0.0
6,5.173443974036081,4.139910711901242
12,8.053405363674434,6.164080756369511
18,10.645405999034388,7.999831674712317
24,12.997919943266403,9.591498791120113
30,15.007675750125282,11.25009765582615
36,16.86678131024346,12.55656999148939
42,18.139525597876467,13.391084785535428
48,19.09616488155655,14.045115121958329
