LeadHour,R2_MWS,R2_MSLP
0,1.0,1.0
6,0.9675473570823669,0.9546656608581543
12,0.9062763452529907,0.8828486204147339
18,0.8379879593849182,0.8104550838470459
24,0.7629937529563904,0.7289374470710754
30,0.7047332525253296,0.6773605942726135
36,0.6437599062919617,0.6255463361740112
42,0.5753231048583984,0.5612753629684448
48,0.5061626434326172,0.49662768840789795
