LeadHour,RMSE_MWS,RMSE_MSLP
0,0.0,0.0
6,4.428887619649584,3.8447085790235374
12,7.5223389137391505,6.180947273023329
18,9.960009530916977,7.916590988065157
24,12.181713745621895,9.557836654605124
30,13.78256475357629,10.56472086836028
36,15.408315895336154,11.58278678501125
42,17.180668919500324,12.796017647180435
48,18.933804494520345,14.002326227113402
