LeadHour,R2_MWS,R2_MSLP
0,1.0,1.0
6,0.966076672077179,0.9558029174804688
12,0.9187727570533752,0.9030740857124329
18,0.8630373477935791,0.8446899652481079
24,0.8007941246032715,0.7827431559562683
30,0.7427424788475037,0.710719883441925
36,0.6848747134208679,0.6542803645133972
42,0.6490556001663208,0.6213169693946838
48,0.625545084476471,0.6022775173187256
