LeadHour,RMSE_MWS,RMSE_MSLP
0,0.0,0.0
6,5.184543732420328,4.14826898897099
12,7.995969949349997,6.120026729749761
18,10.43835555356291,7.815853772329015
24,12.672143521738809,9.352205361153459
30,14.509224949754488,10.925789629510552
36,16.22336214377423,12.111499309637257
42,17.334496581340794,12.856912592687857
48,18.182190215032538,13.398487609235744
