LeadHour,R2_MWS,R2_MSLP
0,1.0,1.0
6,0.9838500022888184,0.9795715808868408
12,0.9556340575218201,0.9501485228538513
18,0.9194089770317078,0.9138302206993103
24,0.8781510591506958,0.877863883972168
30,0.843228816986084,0.8442165851593018
36,0.8094708919525146,0.8143147230148315
42,0.7733980417251587,0.7820819616317749
48,0.7368272542953491,0.7444664239883423
