LeadHour,RMSE_MWS,RMSE_MSLP
0,0.0,0.0
6,4.34541585251336,3.6598474785548345
12,7.186210450298984,5.70413224196188
18,9.739176684915414,7.558301784978074
24,12.078194483548518,9.090466932467933
30,13.83524986380605,10.379581037529812
36,15.416792970432082,11.463675808269763
42,16.987727503765402,12.561549516087464
48,18.515383536136493,13.760749083245114
