LeadHour,R2_MWS,R2_MSLP
0,1.0,1.0
6,0.9671553373336792,0.961349606513977
12,0.9196450710296631,0.9126240611076355
18,0.871425986289978,0.8668798804283142
24,0.8139628767967224,0.8108722567558289
30,0.749872088432312,0.7507224678993225
36,0.6945651769638062,0.6967556476593018
42,0.6435948610305786,0.6539971828460693
48,0.6039348840713501,0.6248992681503296
