LeadHour,RMSE_MWS,RMSE_MSLP
0,0.0,0.0
6,5.361842529966925,4.187404346796977
12,8.358987560384808,6.285357446573836
18,10.635969176903027,7.851365727478315
24,12.864542148951452,9.477719329896253
30,15.00882258036997,11.008109484660366
36,16.731961230272084,12.304392977625982
42,18.27204629430568,13.33782756084996
48,19.494790188212384,14.115359637130995
