LeadHour,R2_MWS,R2_MSLP
0,1.0,1.0
6,0.9741392731666565,0.9649430513381958
12,0.9337998032569885,0.9130243062973022
18,0.8888161778450012,0.8589946627616882
24,0.8379500508308411,0.8021758198738098
30,0.7901957035064697,0.7468390464782715
36,0.7377094030380249,0.6871803402900696
42,0.6826367974281311,0.6258602142333984
48,0.627583384513855,0.5690288543701172
