LeadHour,RMSE_MWS,RMSE_MSLP
0,0.0,0.0
6,5.864379698592817,4.739126307771374
12,9.348165942147881,7.379903682504068
18,12.079195633943758,9.387866333824626
24,14.55200917637616,11.115948026916525
30,16.51676782499426,12.581746251817242
36,18.452117814914057,13.982603981781367
42,20.295102224832625,15.28757687515805
48,22.01205114267665,16.42315442357841
