LeadHour,R2_MWS,R2_MSLP
0,1.0,1.0
6,0.9722144603729248,0.9571787118911743
12,0.924019992351532,0.9100164175033569
18,0.8681560754776001,0.852620005607605
24,0.8180428743362427,0.8010127544403076
30,0.7710281610488892,0.7517683506011963
36,0.7199357748031616,0.6936241984367371
42,0.6698107719421387,0.6387660503387451
48,0.6305599808692932,0.5943779349327087
