LeadHour,RMSE_MWS,RMSE_MSLP
0,0.0,0.0
6,5.606403722112108,5.171788701838547
12,9.221277129785053,7.4736697541104835
18,12.19715475455015,9.614416868367524
24,14.417978274854615,11.260016157501173
30,16.29917626669079,12.6441806842429
36,18.212916492106295,14.275697258857884
42,19.987397610304896,15.681626880871109
48,21.381258221278745,16.812566253645013
