LeadHour,R2_MWS,R2_MSLP
0,1.0,1.0
6,0.9749438166618347,0.9607298970222473
12,0.931010365486145,0.9055893421173096
18,0.879797101020813,0.8444989919662476
24,0.8259245753288269,0.7862123847007751
30,0.7670401334762573,0.7216753363609314
36,0.7060351371765137,0.6539876461029053
42,0.6444945335388184,0.5846627354621887
48,0.5936074256896973,0.5255013704299927
