LeadHour,RMSE_MWS,RMSE_MSLP
0,0.0,0.0
6,5.029694310752806,4.552177143075976
12,8.301732022755054,7.039819268160876
18,10.964463833817225,9.072423513494238
24,13.218121452809054,10.699517169647153
30,15.335787258879453,12.25454378521653
36,17.359255456384066,13.845263258503453
42,19.283999848228696,15.351155469317744
48,20.86130097030931,16.63689347099495
