LeadHour,R2_MWS,R2_MSLP
0,1.0,1.0
6,0.9764914512634277,0.9662256240844727
12,0.9429529309272766,0.9185894727706909
18,0.9039715528488159,0.8691047430038452
24,0.8602923154830933,0.8183163404464722
30,0.8110911846160889,0.7632232308387756
36,0.7538955211639404,0.7018306851387024
42,0.698062002658844,0.6375706195831299
48,0.6379757523536682,0.5753943920135498
