LeadHour,RMSE_MWS,RMSE_MSLP
0,0.0,0.0
6,5.591320511876271,4.65162849212877
12,8.677875703961105,7.139899753326291
18,11.225796582476132,9.045053670965393
24,13.511660026252846,10.65282396297951
30,15.672705981053644,12.167801338134055
36,17.873706690810963,13.651252862353479
42,19.795745022506573,15.0464287966032
48,21.702753073442015,16.301417302022774
