LeadHour,R2_MWS,R2_MSLP
0,1.0,1.0
6,0.9603381156921387,0.9307295083999634
12,0.8963502645492554,0.8341725468635559
18,0.8338716626167297,0.7457799911499023
24,0.762870192527771,0.6652718782424927
30,0.7007045149803162,0.598274290561676
36,0.6339898705482483,0.5293804407119751
42,0.5594186186790466,0.45428621768951416
48,0.4802643060684204,0.38255035877227783
