LeadHour,RMSE_MWS,RMSE_MSLP
0,0.0,0.0
6,5.851899854156441,5.0857169811064065
12,9.42496046467794,7.759031877985407
18,11.972222922419277,9.627524701217785
24,14.374140174692842,11.094755057355473
30,16.260764913925097,12.257414773064722
36,18.12530559413715,13.38894240358526
42,20.03458846863149,14.550385900669385
48,21.94843421860515,15.657901395098667
