LeadHour,R2_MWS,R2_MSLP
0,1.0,1.0
6,0.9704029560089111,0.9597097039222717
12,0.9264962077140808,0.9137642979621887
18,0.8726171255111694,0.8602783679962158
24,0.8192762136459351,0.8158938884735107
30,0.7683841586112976,0.7700790762901306
36,0.7155082821846008,0.7271784543991089
42,0.6631255149841309,0.6814026832580566
48,0.61476731300354,0.6419880390167236
