LeadHour,RMSE_MWS,RMSE_MSLP
0,0.0,0.0
6,5.290245746464279,4.392841689097019
12,8.29419085804915,6.395642537637503
18,10.989411546470325,8.213366932160323
24,13.19079722183827,9.515252568014445
30,15.070805582589244,10.73972699093621
36,16.877427668257553,11.83318733519273
42,18.55464309205212,12.925451888369501
48,20.046846076070327,13.866711039349891
