LeadHour,R2_MWS,R2_MSLP
0,1.0,1.0
6,0.969451904296875,0.9583554267883301
12,0.909600555896759,0.8898717164993286
18,0.8406311273574829,0.8141602873802185
24,0.7583099603652954,0.7237469553947449
30,0.6881530284881592,0.6483739018440247
36,0.6179690957069397,0.5723137855529785
42,0.5496662855148315,0.4930323362350464
48,0.4891515374183655,0.43340879678726196
