LeadHour,RMSE_MWS,RMSE_MSLP
0,0.0,0.0
6,4.296961558077032,3.6849270912525096
12,7.387731909298813,5.992813574997785
18,9.878428190044172,7.83883306187679
24,12.301493881191194,9.648912722355448
30,14.164248869774983,11.029095058307176
36,15.956330787104534,12.378746005195067
42,17.69204319274584,13.75526466151063
48,19.257147712917128,14.85560895526133
