LeadHour,R2_MWS,R2_MSLP
0,1.0,1.0
6,0.9761272668838501,0.9623371362686157
12,0.932327151298523,0.9069494605064392
18,0.8800520896911621,0.8467028737068176
24,0.8272689580917358,0.7925123572349548
30,0.7675930857658386,0.7325211763381958
36,0.7077650427818298,0.6731763482093811
42,0.6490611433982849,0.6142418384552002
48,0.5938992500305176,0.5568350553512573
