LeadHour,RMSE_MWS,RMSE_MSLP
0,0.0,0.0
6,4.909475833238546,4.458048778734281
12,8.222123646646418,6.988925620533223
18,10.952827917578631,9.007904396349327
24,13.166982011197673,10.540689013434068
30,15.317575788999962,12.013401812980252
36,17.30810226606991,13.455882003720413
42,19.159744914672338,14.794427203982766
48,20.85381187520791,16.078200923047174
