LeadHour,R2_MWS,R2_MSLP
0,1.0,1.0
6,0.9732986092567444,0.961883544921875
12,0.9338630437850952,0.9169474840164185
18,0.8847162127494812,0.8640909194946289
24,0.8307584524154663,0.8146916031837463
30,0.779802680015564,0.7642208337783813
36,0.7242012619972229,0.71754390001297
42,0.6740593910217285,0.6760588884353638
48,0.6208240985870361,0.637523889541626
