LeadHour,RMSE_MWS,RMSE_MSLP
0,0.0,0.0
6,5.0247966060943385,4.272690060820579
12,7.867581945719245,6.276492010608196
18,10.454495236121629,8.100534077685866
24,12.764884488352276,9.54627042313904
30,14.694618869860788,10.875688202227495
36,16.61757224372413,12.040316566538479
42,18.25104760076502,13.03340025069155
48,19.888628815288996,13.952897534540092
