LeadHour,R2_MWS,R2_MSLP
0,1.0,1.0
6,0.9746175408363342,0.9618693590164185
12,0.9301760792732239,0.9078952670097351
18,0.8809971213340759,0.8533097505569458
24,0.8340157866477966,0.806182861328125
30,0.7894943356513977,0.7613642811775208
36,0.7426769733428955,0.7166039347648621
42,0.6945067048072815,0.669197678565979
48,0.6476233005523682,0.6228624582290649
