LeadHour,RMSE_MWS,RMSE_MSLP
0,0.0,0.0
6,5.062335729877286,4.485646562698539
12,8.351778546813819,6.9533159208338775
18,10.90959680135632,8.81165239302526
24,12.907269084312286,10.187531828099246
30,14.577982649358587,11.347207795570652
36,16.24137109389985,12.530036544076735
42,17.876184811039447,13.700136526499529
48,19.42549729269136,14.832168076140022
