LeadHour,R2_MWS,R2_MSLP
0,1.0,1.0
6,0.969775915145874,0.9581556916236877
12,0.9015640616416931,0.8770932555198669
18,0.816737949848175,0.7866218090057373
24,0.7289474606513977,0.6863623857498169
30,0.6592470407485962,0.6121152639389038
36,0.5898187160491943,0.5408481359481812
42,0.5124872922897339,0.4547705054283142
48,0.44267988204956055,0.38482439517974854
