LeadHour,RMSE_MWS,RMSE_MSLP
0,0.0,0.0
6,4.2741143006252855,3.6937539037693523
12,7.709126144740877,6.330954288908739
18,10.593083813631289,8.399572961034053
24,13.027323838065742,10.28108414629238
30,14.806165411060606,11.583789258441486
36,16.53376321131201,12.826028966245506
42,18.407878084829264,14.264892291903552
48,20.11399246472698,15.47943424423142
