LeadHour,R2_MWS,R2_MSLP
0,1.0,1.0
6,0.965660810470581,0.9549329876899719
12,0.9174873232841492,0.900816023349762
18,0.8610077500343323,0.8436188697814941
24,0.7943375706672668,0.7781524062156677
30,0.7373378872871399,0.7113878726959229
36,0.6805155873298645,0.6559988856315613
42,0.646632194519043,0.6219044923782349
48,0.6258317232131958,0.6033773422241211
