LeadHour,RMSE_MWS,RMSE_MSLP
0,0.0,0.0
6,5.216224653309045,4.188894466685374
12,8.058989477680635,6.190905317866294
18,10.515414231612674,7.842757568799318
24,12.875866314528485,9.450498004688487
30,14.660841102775118,10.913168387901623
36,16.335185562261472,12.08135998276697
42,17.394245713325624,12.846934719591795
48,18.175229262384406,13.379948636399742
