LeadHour,R2_MWS,R2_MSLP
0,1.0,1.0
6,0.9637242555618286,0.937029242515564
12,0.9041884541511536,0.8475635051727295
18,0.8372296094894409,0.7546091079711914
24,0.7572023868560791,0.6561166048049927
30,0.6900653839111328,0.5745782256126404
36,0.6166826486587524,0.49528199434280396
42,0.5359197854995728,0.40630924701690674
48,0.4630429744720459,0.3308725953102112
