LeadHour,RMSE_MWS,RMSE_MSLP
0,0.0,0.0
6,5.596523172895459,4.848948193576043
12,9.061591161998374,7.439157509632727
18,11.850606498810448,9.458863992691013
24,14.544909154897418,11.245460781292769
30,16.547254923636505,12.613742152464795
36,18.54889547756146,13.865504409303474
42,20.561929341198066,15.176520252276983
48,22.30909886871239,16.299985096930495
