LeadHour,R2_MWS,R2_MSLP
0,1.0,1.0
6,0.9774571657180786,0.9635940790176392
12,0.9378651976585388,0.9115167856216431
18,0.8891381621360779,0.8531287312507629
24,0.8379324078559875,0.7990434765815735
30,0.7833257913589478,0.7440431118011475
36,0.7281692028045654,0.688275933265686
42,0.6706705093383789,0.6301476955413818
48,0.6176237463951111,0.5772724151611328
