LeadHour,RMSE_MWS,RMSE_MSLP
0,0.0,0.0
6,4.770769588039041,4.383024213984675
12,7.878512855433595,6.81524406953228
18,10.529819470603288,8.817087697274298
24,12.754077932420282,10.373468125096004
30,14.790031808402397,11.751808189701663
36,16.692933301753676,13.141368722451023
42,18.5604842918615,14.486209493961134
48,20.23550235155831,15.703086617645878
