LeadHour,R2_MWS,R2_MSLP
0,1.0,1.0
6,0.9843650460243225,0.9808488488197327
12,0.9563981890678406,0.9513660669326782
18,0.9205472469329834,0.9143758416175842
24,0.8829740881919861,0.8794350028038025
30,0.849236011505127,0.8456085324287415
36,0.8194316029548645,0.819171130657196
42,0.7914446592330933,0.7961879372596741
48,0.7600947618484497,0.7679925560951233
