LeadHour,RMSE_MWS,RMSE_MSLP
0,0.0,0.0
6,4.275569293391556,3.5435849697970254
12,7.124056569598246,5.634043396359797
18,9.670156397062684,7.534336328268782
24,11.836741928109113,9.031808802862516
30,13.56758943336017,10.333106705015975
36,15.00839354598135,11.312773137457071
42,16.297241089787924,12.148190059779095
48,17.677959551550344,13.112002958435879
