LeadHour,R2_MWS,R2_MSLP
0,1.0,1.0
6,0.9588190317153931,0.9271675944328308
12,0.9004786610603333,0.8361624479293823
18,0.8455281853675842,0.756359338760376
24,0.7800835371017456,0.6814213991165161
30,0.7100136876106262,0.6106602549552917
36,0.6288589835166931,0.5316115617752075
42,0.5433855056762695,0.44408363103866577
48,0.4579307436943054,0.3700544834136963
