LeadHour,RMSE_MWS,RMSE_MSLP
0,0.0,0.0
6,5.962913335712565,5.214834423271154
12,9.235355641405597,7.712336667400995
18,11.54456352667715,9.42507055443378
24,13.842599790853109,10.823804645746215
30,16.005884042270498,12.066975924355877
36,18.25190787598056,13.35716755794051
42,20.395868578663794,14.685772213866663
48,22.41504618898424,15.815550016185119
