LeadHour,R2_MWS,R2_MSLP
0,1.0,1.0
6,0.9737415909767151,0.9595147371292114
12,0.9290081858634949,0.9166891574859619
18,0.8748283982276917,0.8624913692474365
24,0.8216641545295715,0.8065827488899231
30,0.7690079212188721,0.7517590522766113
36,0.7140787839889526,0.689552903175354
42,0.6672103404998779,0.6360741853713989
48,0.6284354329109192,0.5905274152755737
