LeadHour,RMSE_MWS,RMSE_MSLP
0,0.0,0.0
6,5.450159354023782,5.028744470572887
12,8.913446670911078,7.191228811550107
18,11.884514460421213,9.286855321511977
24,14.273784397296598,11.101303065340355
30,16.37092178461937,12.644416004842439
36,18.402375673263546,14.370236345549545
42,20.065947334517766,15.739948274365055
48,21.442648400096388,16.892177852705135
